{
  "threshold": 0.4596687955274112,
  "pr_auc": 0.47528975840258314,
  "roc_auc": 0.664588986883763,
  "precision": 0.4396551724137931,
  "recall": 0.7727272727272727,
  "f1": 0.5604395604395604,
  "confusion_matrix": [
    [
      138,
      130
    ],
    [
      30,
      102
    ]
  ],
  "cv_pr_auc": 0.5466722688591672,
  "fairness_by_gender": {
    "Female": {
      "n": 189,
      "actual_churn_rate": 0.31746031746031744,
      "predicted_positive_rate": 0.5132275132275133,
      "recall": 0.6833333333333333,
      "precision": 0.422680412371134
    },
    "Male": {
      "n": 211,
      "actual_churn_rate": 0.3412322274881517,
      "predicted_positive_rate": 0.6398104265402843,
      "recall": 0.8472222222222222,
      "precision": 0.45185185185185184
    }
  }
}