{
  "threshold": 0.43204331398010254,
  "cv_score": 0.6334523058745148,
  "select_metric": "f1",
  "validation": {
    "threshold": 0.43204331398010254,
    "pr_auc": 0.6750109025686167,
    "roc_auc": 0.8432306380012474,
    "precision": 0.5506493506493506,
    "recall": 0.7544483985765125,
    "f1": 0.6366366366366366,
    "f2": 0.7024519549370444,
    "confusion_matrix": [
      [
        603,
        173
      ],
      [
        69,
        212
      ]
    ]
  },
  "test": {
    "threshold": 0.43204331398010254,
    "pr_auc": 0.6733304333468406,
    "roc_auc": 0.8371414782129067,
    "precision": 0.5372340425531915,
    "recall": 0.7214285714285714,
    "f1": 0.6158536585365854,
    "f2": 0.6751336898395722,
    "confusion_matrix": [
      [
        603,
        174
      ],
      [
        78,
        202
      ]
    ]
  },
  "cv_grid_score": 0.6334523058745148,
  "fairness_by_gender": {
    "Female": {
      "n": 521,
      "actual_churn_rate": 0.2783109404990403,
      "predicted_positive_rate": 0.3723608445297505,
      "recall": 0.696551724137931,
      "precision": 0.520618556701031
    },
    "Male": {
      "n": 536,
      "actual_churn_rate": 0.251865671641791,
      "predicted_positive_rate": 0.33955223880597013,
      "recall": 0.7481481481481481,
      "precision": 0.554945054945055
    }
  }
}