{
  "threshold": 0.42500224429250916,
  "cv_score": 0.6313776371199664,
  "select_metric": "f1",
  "validation": {
    "threshold": 0.42500224429250916,
    "pr_auc": 0.6825968734425231,
    "roc_auc": 0.8470392926587667,
    "precision": 0.5452196382428941,
    "recall": 0.7508896797153025,
    "f1": 0.6317365269461078,
    "f2": 0.6982131039046989,
    "confusion_matrix": [
      [
        600,
        176
      ],
      [
        70,
        211
      ]
    ]
  },
  "test": {
    "threshold": 0.42500224429250916,
    "pr_auc": 0.6551704317641134,
    "roc_auc": 0.8322416804559661,
    "precision": 0.5259067357512953,
    "recall": 0.725,
    "f1": 0.6096096096096096,
    "f2": 0.6739707835325365,
    "confusion_matrix": [
      [
        594,
        183
      ],
      [
        77,
        203
      ]
    ]
  },
  "fairness_by_gender": {
    "Female": {
      "n": 521,
      "actual_churn_rate": 0.2783109404990403,
      "predicted_positive_rate": 0.3723608445297505,
      "recall": 0.7103448275862069,
      "precision": 0.5309278350515464
    },
    "Male": {
      "n": 536,
      "actual_churn_rate": 0.251865671641791,
      "predicted_positive_rate": 0.3582089552238806,
      "recall": 0.7407407407407407,
      "precision": 0.5208333333333334
    }
  }
}