{
  "threshold": 0.4406318772115413,
  "cv_score": 0.6319499693401812,
  "select_metric": "f1",
  "validation": {
    "threshold": 0.4406318772115413,
    "pr_auc": 0.6706777463580978,
    "roc_auc": 0.837000587005173,
    "precision": 0.5561497326203209,
    "recall": 0.7402135231316725,
    "f1": 0.6351145038167939,
    "f2": 0.6942590120160214,
    "confusion_matrix": [
      [
        610,
        166
      ],
      [
        73,
        208
      ]
    ]
  },
  "test": {
    "threshold": 0.4406318772115413,
    "pr_auc": 0.6567435658847757,
    "roc_auc": 0.8302813017098731,
    "precision": 0.5286103542234333,
    "recall": 0.6928571428571428,
    "f1": 0.5996908809891809,
    "f2": 0.652320107599193,
    "confusion_matrix": [
      [
        604,
        173
      ],
      [
        86,
        194
      ]
    ]
  },
  "cv_grid_score": 0.6319499693401812,
  "fairness_by_gender": {
    "Female": {
      "n": 521,
      "actual_churn_rate": 0.2783109404990403,
      "predicted_positive_rate": 0.3550863723608445,
      "recall": 0.6758620689655173,
      "precision": 0.5297297297297298
    },
    "Male": {
      "n": 536,
      "actual_churn_rate": 0.251865671641791,
      "predicted_positive_rate": 0.33955223880597013,
      "recall": 0.7111111111111111,
      "precision": 0.5274725274725275
    }
  }
}