{
  "threshold": 0.4058734175153327,
  "pr_auc": 0.5510490748592402,
  "roc_auc": 0.7022981682496608,
  "precision": 0.46798029556650245,
  "recall": 0.7196969696969697,
  "f1": 0.5671641791044776,
  "confusion_matrix": [
    [
      160,
      108
    ],
    [
      37,
      95
    ]
  ],
  "cv_pr_auc": 0.5545859015048612,
  "fairness_by_gender": {
    "Female": {
      "n": 189,
      "actual_churn_rate": 0.31746031746031744,
      "predicted_positive_rate": 0.4708994708994709,
      "recall": 0.65,
      "precision": 0.43820224719101125
    },
    "Male": {
      "n": 211,
      "actual_churn_rate": 0.3412322274881517,
      "predicted_positive_rate": 0.5402843601895735,
      "recall": 0.7777777777777778,
      "precision": 0.49122807017543857
    }
  }
}